advances,captured_at,chart30dPath,chart365dPath,chartTodayPath,date30dAgo,date365dAgo,declines,dy,high,index,indexSymbol,indicativeClose,key,last,low,oneMonthAgoVal,oneWeekAgo,oneWeekAgoVal,oneYearAgoVal,open,pb,pe,perChange30d,perChange365d,percentChange,previousClose,previousDay,previousDayVal,unchanged,variation,yearHigh,yearLow
25,2026-06-26 18:57:47,https://nsearchives.nseindia.com/30d/NIFTY-50.svg,https://nsearchives.nseindia.com/365d/NIFTY-50.svg,https://nsearchives.nseindia.com/today/NIFTY-50.svg,26-May-2026,25-Jun-2025,25,1.37,24261.6,NIFTY 50,NIFTY 50,0,INDICES ELIGIBLE IN DERIVATIVES,24056,24039,23913.7,19-Jun-2026,24013.1,25244.75,24125.85,3.17,20.75,0.6,-5.84,0.14,24021.65,25-Jun-2026,24056,0,34.35,26373.2,22182.55
25,2026-06-26 18:57:47,https://nsearchives.nseindia.com/30d/NIFTY-NEXT-50.svg,https://nsearchives.nseindia.com/365d/NIFTY-NEXT-50.svg,https://nsearchives.nseindia.com/today/NIFTY-NEXT-50.svg,26-May-2026,25-Jun-2025,25,1.21,72735.65,NIFTY NEXT 50,NIFTY NEXT 50,0,INDICES ELIGIBLE IN DERIVATIVES,72199.55,72143.25,70945.1,19-Jun-2026,72356.65,67669.4,72341.9,3.49,18.78,1.77,5.72,0.19,72060.5,25-Jun-2026,72199.55,0,139.05,73141.05,59896.1
6,2026-06-26 18:57:47,https://nsearchives.nseindia.com/30d/NIFTY-BANK.svg,https://nsearchives.nseindia.com/365d/NIFTY-BANK.svg,https://nsearchives.nseindia.com/today/NIFTY-BANK.svg,26-May-2026,25-Jun-2025,8,1.01,58706.05,NIFTY BANK,NIFTY BANK,0,INDICES ELIGIBLE IN DERIVATIVES,58177.05,58109.85,55092.9,19-Jun-2026,57685.75,56621.15,58493.85,1.89,14.63,5.6,1.7,0.05,58150.35,25-Jun-2026,58177.05,0,26.7,61764.85,49954.85
10,2026-06-26 18:57:47,https://nsearchives.nseindia.com/30d/NIFTY-FIN-SERVICE.svg,https://nsearchives.nseindia.com/365d/NIFTY-FIN-SERVICE.svg,https://nsearchives.nseindia.com/today/NIFTY-FIN-SERVICE.svg,26-May-2026,25-Jun-2025,10,1.1,27048.35,NIFTY FINANCIAL SERVICES,NIFTY FIN SERVICE,0,INDICES ELIGIBLE IN DERIVATIVES,26770.55,26747.15,25932.25,19-Jun-2026,26431.15,26851.2,26884.35,2.8,17.23,3.23,-1.75,0.13,26736,25-Jun-2026,26770.55,0,34.55,28562.5,23373.95
6,2026-06-26 18:57:47,https://nsearchives.nseindia.com/30d/NIFTY-MID-SELECT.svg,https://nsearchives.nseindia.com/365d/NIFTY-MID-SELECT.svg,https://nsearchives.nseindia.com/today/NIFTY-MID-SELECT.svg,26-May-2026,25-Jun-2025,19,0.57,14631.25,NIFTY MIDCAP SELECT,NIFTY MID SELECT,0,INDICES ELIGIBLE IN DERIVATIVES,14434.55,14416.15,14675.6,19-Jun-2026,14618.95,13221.3,14590.3,4.83,30.08,-1.64,8.49,-0.56,14516.4,25-Jun-2026,14434.55,0,-81.85,14770.5,12046.2
50,2026-06-26 18:57:47,https://nsearchives.nseindia.com/30d/NIFTY-100.svg,https://nsearchives.nseindia.com/365d/NIFTY-100.svg,https://nsearchives.nseindia.com/today/NIFTY-100.svg,26-May-2026,25-Jun-2025,50,1.34,25317.1,NIFTY 100,NIFTY 100,0,BROAD MARKET INDICES,25114.1,25096.25,24910.1,19-Jun-2026,25086.65,25822.35,25182.75,3.22,20.36,0.82,-3.86,0.15,25075.95,25-Jun-2026,25114.1,0,38.15,26975.15,22720.45
81,2026-06-26 18:57:47,https://nsearchives.nseindia.com/30d/NIFTY-200.svg,https://nsearchives.nseindia.com/365d/NIFTY-200.svg,https://nsearchives.nseindia.com/today/NIFTY-200.svg,26-May-2026,25-Jun-2025,118,1.2,14004.4,NIFTY 200,NIFTY 200,0,BROAD MARKET INDICES,13891.25,13879.85,13823.15,19-Jun-2026,13911.25,14074.1,13948.85,3.45,21.71,0.49,-2.33,0.01,13889.45,25-Jun-2026,13891.25,1,1.8,14700.95,12396.1
172,2026-06-26 18:57:47,https://nsearchives.nseindia.com/30d/NIFTY-500.svg,https://nsearchives.nseindia.com/365d/NIFTY-500.svg,https://nsearchives.nseindia.com/today/NIFTY-500.svg,26-May-2026,25-Jun-2025,327,1.13,23289.95,NIFTY 500,NIFTY 500,0,BROAD MARKET INDICES,23113.7,23093.9,22897.2,19-Jun-2026,23144.2,23296.85,23224.4,3.51,22.8,0.95,-1.72,-0.05,23126.3,25-Jun-2026,23113.7,1,-12.6,24144.2,20385.65
13,2026-06-26 18:57:47,https://nsearchives.nseindia.com/30d/NIFTY-MIDCAP-50.svg,https://nsearchives.nseindia.com/365d/NIFTY-MIDCAP-50.svg,https://nsearchives.nseindia.com/today/NIFTY-MIDCAP-50.svg,26-May-2026,25-Jun-2025,37,0.6,17800.75,NIFTY MIDCAP 50,NIFTY MIDCAP 50,0,BROAD MARKET INDICES,17587.85,17568.1,17741.15,19-Jun-2026,17735.3,16634.25,17767.35,4.77,32.83,-0.86,5.03,-0.58,17690.3,25-Jun-2026,17587.85,0,-102.45,17859.1,14804.55
31,2026-06-26 18:57:47,https://nsearchives.nseindia.com/30d/NIFTY-MIDCAP-100.svg,https://nsearchives.nseindia.com/365d/NIFTY-MIDCAP-100.svg,https://nsearchives.nseindia.com/today/NIFTY-MIDCAP-100.svg,26-May-2026,25-Jun-2025,68,0.61,62536.35,NIFTY MIDCAP 100,NIFTY MIDCAP 100,0,BROAD MARKET INDICES,61795.5,61714.8,62298.9,19-Jun-2026,62517.3,58881.7,62404.5,4.8,29.65,-0.81,4.34,-0.55,62135.25,25-Jun-2026,61795.5,1,-339.75,62909.55,52032.85
31,2026-06-26 18:57:47,https://nsearchives.nseindia.com/30d/NIFTY-SMLCAP-100.svg,https://nsearchives.nseindia.com/365d/NIFTY-SMLCAP-100.svg,https://nsearchives.nseindia.com/today/NIFTY-SMLCAP-100.svg,26-May-2026,25-Jun-2025,69,0.64,18962.1,NIFTY SMALLCAP 100,NIFTY SMLCAP 100,0,BROAD MARKET INDICES,18790.35,18766.95,18267.2,19-Jun-2026,18784.45,18727.85,18954.9,3.57,31.79,2.86,-0.08,-0.47,18879.3,25-Jun-2026,18790.35,0,-88.95,19224.95,14986
,2026-06-26 18:57:47,https://nsearchives.nseindia.com/30d/INDIA-VIX.svg,https://nsearchives.nseindia.com/365d/INDIA-VIX.svg,https://nsearchives.nseindia.com/today/INDIA-VIX.svg,26-May-2026,25-Jun-2025,,0,13.39,INDIA VIX,INDIA VIX,0,BROAD MARKET INDICES,13.05,12.43,16.13,19-Jun-2026,12.97,12.96,13.39,0,0,-19.09,3.65,-2.5,13.39,25-Jun-2026,13.05,,-0.34,28.91,8.72
50,2026-06-26 18:57:47,https://nsearchives.nseindia.com/30d/NIFTY-MIDCAP-150.svg,https://nsearchives.nseindia.com/365d/NIFTY-MIDCAP-150.svg,https://nsearchives.nseindia.com/today/NIFTY-MIDCAP-150.svg,26-May-2026,25-Jun-2025,99,0.66,23005.7,NIFTY MIDCAP 150,NIFTY MIDCAP 150,0,BROAD MARKET INDICES,22751.05,22723.45,22795.5,19-Jun-2026,22972.95,21640.65,22967.75,4.77,29.11,-0.19,4.59,-0.53,22872.5,25-Jun-2026,22751.05,1,-121.45,23138.9,19218
18,2026-06-26 18:57:47,https://nsearchives.nseindia.com/30d/NIFTY-SMLCAP-50.svg,https://nsearchives.nseindia.com/365d/NIFTY-SMLCAP-50.svg,https://nsearchives.nseindia.com/today/NIFTY-SMLCAP-50.svg,26-May-2026,25-Jun-2025,32,0.67,9373.1,NIFTY SMALLCAP 50,NIFTY SMLCAP 50,0,BROAD MARKET INDICES,9295.95,9286.95,9013.75,19-Jun-2026,9285.45,9043.05,9369.45,3.4,31.47,3.13,2.46,-0.39,9332.05,25-Jun-2026,9295.95,0,-36.1,9388.7,7338.35
72,2026-06-26 18:57:47,https://nsearchives.nseindia.com/30d/NIFTY-SMLCAP-250.svg,https://nsearchives.nseindia.com/365d/NIFTY-SMLCAP-250.svg,https://nsearchives.nseindia.com/today/NIFTY-SMLCAP-250.svg,26-May-2026,25-Jun-2025,178,0.66,17871.5,NIFTY SMALLCAP 250,NIFTY SMLCAP 250,0,BROAD MARKET INDICES,17704.7,17681.4,17009.55,19-Jun-2026,17713.8,17455.6,17860.95,3.69,35.05,4.09,1.17,-0.45,17784.65,25-Jun-2026,17704.7,0,-79.95,18077.35,14143.45
122,2026-06-26 18:57:47,https://nsearchives.nseindia.com/30d/NIFTY-MIDSML-400.svg,https://nsearchives.nseindia.com/365d/NIFTY-MIDSML-400.svg,https://nsearchives.nseindia.com/today/NIFTY-MIDSML-400.svg,26-May-2026,25-Jun-2025,277,0.66,21133.25,NIFTY MIDSMALLCAP 400,NIFTY MIDSML 400,0,BROAD MARKET INDICES,20912.45,20886.65,20658.45,19-Jun-2026,21050.35,20156.55,21106.65,4.34,30.9,1.23,3.31,-0.5,21018.2,25-Jun-2026,20912.45,1,-105.75,21245.7,17390.85
172,2026-06-26 18:57:47,https://nsearchives.nseindia.com/30d/NIFTY500-MULTICAP.svg,https://nsearchives.nseindia.com/365d/NIFTY500-MULTICAP.svg,https://nsearchives.nseindia.com/today/NIFTY500-MULTICAP.svg,26-May-2026,25-Jun-2025,327,1,16452.7,NIFTY500 MULTICAP 50:25:25,NIFTY500 MULTICAP,0,BROAD MARKET INDICES,16337.45,16321.8,16116.55,19-Jun-2026,16370.75,16275.7,16435.35,3.64,24.9,1.37,-0.38,-0.17,16365.95,25-Jun-2026,16337.45,1,-28.5,16681.75,14102.2
100,2026-06-26 18:57:47,https://nsearchives.nseindia.com/30d/NIFTY-LARGEMID250.svg,https://nsearchives.nseindia.com/365d/NIFTY-LARGEMID250.svg,https://nsearchives.nseindia.com/today/NIFTY-LARGEMID250.svg,26-May-2026,25-Jun-2025,149,0.99,16664.3,NIFTY LARGEMIDCAP 250,NIFTY LARGEMID250,0,BROAD MARKET INDICES,16532.75,16517.1,16484.8,19-Jun-2026,16607.65,16341.9,16636.15,3.88,24.12,0.29,0.34,-0.2,16566.4,25-Jun-2026,16532.75,1,-33.65,17077.75,14445.65
239,2026-06-26 18:57:47,https://nsearchives.nseindia.com/30d/NIFTY-TOTAL-MKT.svg,https://nsearchives.nseindia.com/365d/NIFTY-TOTAL-MKT.svg,https://nsearchives.nseindia.com/today/NIFTY-TOTAL-MKT.svg,26-May-2026,25-Jun-2025,509,1.11,13136.15,NIFTY TOTAL MARKET,NIFTY TOTAL MKT,0,BROAD MARKET INDICES,13038,13026.65,12895.45,19-Jun-2026,13057.75,13110.95,13104.5,3.51,22.99,1.11,-1.46,-0.08,13048.3,25-Jun-2026,13038,3,-10.3,13548,11436.55
67,2026-06-26 18:57:47,https://nsearchives.nseindia.com/30d/NIFTY-MICROCAP250.svg,https://nsearchives.nseindia.com/365d/NIFTY-MICROCAP250.svg,https://nsearchives.nseindia.com/today/NIFTY-MICROCAP250.svg,26-May-2026,25-Jun-2025,182,0.63,25329.8,NIFTY MICROCAP 250,NIFTY MICROCAP250,0,BROAD MARKET INDICES,24955.4,24923.35,23800.5,19-Jun-2026,25101.5,23859.65,25255.8,3.54,28.2,4.85,4.56,-0.62,25111.8,25-Jun-2026,24955.4,2,-156.4,25436.2,18858.5
172,2026-06-26 18:57:47,https://nsearchives.nseindia.com/30d/NIFTY500-LMS-EQL.svg,https://nsearchives.nseindia.com/365d/NIFTY500-LMS-EQL.svg,https://nsearchives.nseindia.com/today/NIFTY500-LMS-EQL.svg,26-May-2026,25-Jun-2025,327,0.88,18375.25,NIFTY500 LARGEMIDSMALL EQUAL-CAP WEIGHTED,NIFTY500 LMS EQL,0,BROAD MARKET INDICES,18228.2,18208.95,17949.2,19-Jun-2026,18284.05,17978.55,18356.9,3.8,26.87,1.55,0.75,-0.28,18279.45,25-Jun-2026,18228.2,1,-51.25,18445.25,15495.1
56,2026-06-26 18:57:47,https://nsearchives.nseindia.com/30d/NIFTY-FPI-150.svg,,https://nsearchives.nseindia.com/today/NIFTY-FPI-150.svg,26-May-2026,,94,1.21,1558.75,NIFTY INDIA FPI 150,NIFTY FPI 150,0,BROAD MARKET INDICES,1546.1,1544.65,1546.5,19-Jun-2026,1550.45,0,1554.55,3.59,22.18,-0.03,0,-0.12,1547.9,25-Jun-2026,1546.1,0,-1.8,1641.4,1346.5
142,2026-06-26 18:57:47,https://nsearchives.nseindia.com/30d/NIFTY-SMALLCAP-500.svg,,https://nsearchives.nseindia.com/today/NIFTY-SMALLCAP-500.svg,26-May-2026,,357,0.66,20334.85,NIFTY SMALLCAP 500,NIFTY SMALLCAP 500,0,BROAD MARKET INDICES,20118.45,20092.7,19311.9,19-Jun-2026,20166.8,0,20311.95,3.65,32.58,4.18,0,-0.48,20216.15,25-Jun-2026,20118.45,1,-97.7,20434.5,15960.2
122,2026-06-26 18:57:47,https://nsearchives.nseindia.com/30d/NIFTY-MIDSMALL-50-50.svg,,https://nsearchives.nseindia.com/today/NIFTY-MIDSMALL-50-50.svg,26-May-2026,,277,0.66,20572.7,NIFTY MIDSMALLCAP400 50:50,NIFTY MIDSMALL 50 50,0,BROAD MARKET INDICES,20363.8,20338.35,19979.85,19-Jun-2026,20467.4,0,20550.55,4.15,31.84,1.92,0,-0.49,20464.05,25-Jun-2026,20363.8,1,-100.25,20678.85,16874.3
13,2026-06-26 18:57:47,https://nsearchives.nseindia.com/30d/NIFTY-AUTO.svg,https://nsearchives.nseindia.com/365d/NIFTY-AUTO.svg,https://nsearchives.nseindia.com/today/NIFTY-AUTO.svg,26-May-2026,25-Jun-2025,2,1.08,27258.2,NIFTY AUTO,NIFTY AUTO,0,SECTORAL INDICES,26977.75,26549.85,26480.5,19-Jun-2026,26583.35,23827.8,26559.25,4.67,31.12,1.88,12.59,2.25,26384.35,25-Jun-2026,26977.75,0,593.4,29179.1,23378.9
10,2026-06-26 18:57:47,https://nsearchives.nseindia.com/30d/NIFTY-FINSRV25-50.svg,https://nsearchives.nseindia.com/365d/NIFTY-FINSRV25-50.svg,https://nsearchives.nseindia.com/today/NIFTY-FINSRV25-50.svg,26-May-2026,25-Jun-2025,10,1.2,29324,NIFTY FINANCIAL SERVICES 25/50,NIFTY FINSRV25 50,0,SECTORAL INDICES,29038.15,29019,28325.65,19-Jun-2026,28737.8,28949.1,29166.5,2.89,16.86,2.52,-1.2,0.1,29007.75,25-Jun-2026,29038.15,0,30.4,0,0
9,2026-06-26 18:57:47,https://nsearchives.nseindia.com/30d/NIFTY-FMCG.svg,https://nsearchives.nseindia.com/365d/NIFTY-FMCG.svg,https://nsearchives.nseindia.com/today/NIFTY-FMCG.svg,26-May-2026,25-Jun-2025,6,0.92,49630.3,NIFTY FMCG,NIFTY FMCG,0,SECTORAL INDICES,49419.25,49147.75,50227.35,19-Jun-2026,49558.7,54747.25,49201.6,8.54,34,-1.61,-10.34,0.68,49085.1,25-Jun-2026,49419.25,0,334.15,58485.05,45334.15
3,2026-06-26 18:57:47,https://nsearchives.nseindia.com/30d/NIFTY-IT.svg,https://nsearchives.nseindia.com/365d/NIFTY-IT.svg,https://nsearchives.nseindia.com/today/NIFTY-IT.svg,26-May-2026,25-Jun-2025,7,3.31,27881,NIFTY IT,NIFTY IT,0,SECTORAL INDICES,27330.85,27295.1,28978.5,19-Jun-2026,27426.85,39046.3,27801.4,5.01,18.49,-5.69,-29.91,-0.86,27566.7,25-Jun-2026,27330.85,0,-235.85,40301.4,26634.5
2,2026-06-26 18:57:47,https://nsearchives.nseindia.com/30d/NIFTY-MEDIA.svg,https://nsearchives.nseindia.com/365d/NIFTY-MEDIA.svg,https://nsearchives.nseindia.com/today/NIFTY-MEDIA.svg,26-May-2026,25-Jun-2025,8,1.16,1529.4,NIFTY MEDIA,NIFTY MEDIA,0,SECTORAL INDICES,1509.8,1504.55,1375.15,19-Jun-2026,1515.4,1763.15,1523.85,1.59,35.84,9.79,-13.42,-0.63,1519.3,25-Jun-2026,1509.8,0,-9.5,1786.15,1245.05
3,2026-06-26 18:57:47,https://nsearchives.nseindia.com/30d/NIFTY-METAL.svg,https://nsearchives.nseindia.com/365d/NIFTY-METAL.svg,https://nsearchives.nseindia.com/today/NIFTY-METAL.svg,26-May-2026,25-Jun-2025,12,1.69,12575.25,NIFTY METAL,NIFTY METAL,0,SECTORAL INDICES,12445.65,12428.25,13492.55,19-Jun-2026,13020.8,9329.2,12561.5,2.74,16.56,-7.76,30.4,-1.37,12618.75,25-Jun-2026,12445.65,0,-173.1,13931.35,9086.35
6,2026-06-26 18:57:47,https://nsearchives.nseindia.com/30d/NIFTY-PHARMA.svg,https://nsearchives.nseindia.com/365d/NIFTY-PHARMA.svg,https://nsearchives.nseindia.com/today/NIFTY-PHARMA.svg,26-May-2026,25-Jun-2025,14,0.72,25155.95,NIFTY PHARMA,NIFTY PHARMA,0,SECTORAL INDICES,24969.5,24948.25,24659.2,19-Jun-2026,24460.3,21804.8,25066.9,5.23,38.16,1.26,14.5,-0.2,25018.95,25-Jun-2026,24969.5,0,-49.45,25294.5,21149.9
5,2026-06-26 18:57:47,https://nsearchives.nseindia.com/30d/NIFTY-PSU-BANK.svg,https://nsearchives.nseindia.com/365d/NIFTY-PSU-BANK.svg,https://nsearchives.nseindia.com/today/NIFTY-PSU-BANK.svg,26-May-2026,25-Jun-2025,7,0.97,8704.25,NIFTY PSU BANK,NIFTY PSU BANK,0,SECTORAL INDICES,8636.1,8617.35,8200.2,19-Jun-2026,8716.5,6952.95,8684.5,1.22,8.27,5.32,23.68,0.09,8628.2,25-Jun-2026,8636.1,0,7.9,9918.65,6730.3
4,2026-06-26 18:57:47,https://nsearchives.nseindia.com/30d/NIFTY-PVT-BANK.svg,https://nsearchives.nseindia.com/365d/NIFTY-PVT-BANK.svg,https://nsearchives.nseindia.com/today/NIFTY-PVT-BANK.svg,26-May-2026,25-Jun-2025,6,0.89,28601.3,NIFTY PRIVATE BANK,NIFTY PVT BANK,0,SECTORAL INDICES,28322.6,28283.9,26760.8,19-Jun-2026,27892.05,28126.45,28433.05,2.25,18.61,5.84,-0.33,0.16,28276.8,25-Jun-2026,28322.6,0,45.8,29748.45,23957.45
6,2026-06-26 18:57:47,https://nsearchives.nseindia.com/30d/NIFTY-REALTY.svg,https://nsearchives.nseindia.com/365d/NIFTY-REALTY.svg,https://nsearchives.nseindia.com/today/NIFTY-REALTY.svg,26-May-2026,25-Jun-2025,4,0.36,839.05,NIFTY REALTY,NIFTY REALTY,0,SECTORAL INDICES,826.25,824.15,782,19-Jun-2026,811.9,1019.7,829.4,3.9,36.24,5.66,-18.16,0.33,823.55,25-Jun-2026,826.25,0,2.7,1017.35,638.65
8,2026-06-26 18:57:47,https://nsearchives.nseindia.com/30d/NIFTY-HEALTHCARE.svg,https://nsearchives.nseindia.com/365d/NIFTY-HEALTHCARE.svg,https://nsearchives.nseindia.com/today/NIFTY-HEALTHCARE.svg,26-May-2026,25-Jun-2025,12,0.61,16099.2,NIFTY HEALTHCARE INDEX,NIFTY HEALTHCARE,0,SECTORAL INDICES,15963.4,15943.5,15663.65,19-Jun-2026,15669,14256,15968.85,5.79,41.36,1.91,11.55,0.06,15954,25-Jun-2026,15963.4,0,9.4,16126,13536.5
3,2026-06-26 18:57:47,https://nsearchives.nseindia.com/30d/NIFTY-CONSR-DURBL.svg,https://nsearchives.nseindia.com/365d/NIFTY-CONSR-DURBL.svg,https://nsearchives.nseindia.com/today/NIFTY-CONSR-DURBL.svg,26-May-2026,25-Jun-2025,10,0.37,36750.55,NIFTY CONSUMER DURABLES,NIFTY CONSR DURBL,0,SECTORAL INDICES,36337.55,36297.15,35294.95,19-Jun-2026,37237,37988.75,36688.25,11.65,65.35,2.95,-5.18,-0.67,36581.45,25-Jun-2026,36337.55,0,-243.9,40472.45,32587.95
5,2026-06-26 18:57:47,https://nsearchives.nseindia.com/30d/NIFTY-OIL-AND-GAS.svg,https://nsearchives.nseindia.com/365d/NIFTY-OIL-AND-GAS.svg,https://nsearchives.nseindia.com/today/NIFTY-OIL-AND-GAS.svg,26-May-2026,25-Jun-2025,10,2.51,11315.7,NIFTY OIL & GAS,NIFTY OIL AND GAS,0,SECTORAL INDICES,11143.3,11116,11515.6,19-Jun-2026,11169.75,11482.4,11305,1.51,8.74,-3.23,-4.72,-0.87,11241.6,25-Jun-2026,11143.3,0,-98.3,12445.7,10580.95
5,2026-06-26 18:57:47,https://nsearchives.nseindia.com/30d/NIFTY-MIDSML-HLTH.svg,https://nsearchives.nseindia.com/365d/NIFTY-MIDSML-HLTH.svg,https://nsearchives.nseindia.com/today/NIFTY-MIDSML-HLTH.svg,26-May-2026,25-Jun-2025,25,0.38,49445.9,NIFTY MIDSMALL HEALTHCARE,NIFTY MIDSML HLTH,0,SECTORAL INDICES,48968.9,48910.5,48430.7,19-Jun-2026,48505,42513.3,49364.75,5.96,43.95,1.11,14.26,-0.47,49201,25-Jun-2026,48968.9,0,-232.1,49836.85,40352.9
11,2026-06-26 18:57:47,https://nsearchives.nseindia.com/30d/NIFTY-FINSEREXBNK.svg,https://nsearchives.nseindia.com/365d/NIFTY-FINSEREXBNK.svg,https://nsearchives.nseindia.com/today/NIFTY-FINSEREXBNK.svg,26-May-2026,25-Jun-2025,19,0.57,32013.2,NIFTY FINANCIAL SERVICES EX-BANK,NIFTY FINSEREXBNK,0,SECTORAL INDICES,31618.3,31574.6,32025.25,19-Jun-2026,31683.2,30305.25,31879.75,4.33,22.56,-1.27,2.7,-0.4,31744.2,25-Jun-2026,31618.3,0,-125.9,32654.2,26788.05
8,2026-06-26 18:57:47,https://nsearchives.nseindia.com/30d/NIFTY-MS-FIN-SERV.svg,https://nsearchives.nseindia.com/365d/NIFTY-MS-FIN-SERV.svg,https://nsearchives.nseindia.com/today/NIFTY-MS-FIN-SERV.svg,26-May-2026,25-Jun-2025,21,0.38,22462.15,NIFTY MIDSMALL FINANCIAL SERVICES,NIFTY MS FIN SERV,0,SECTORAL INDICES,22177.55,22155.55,22600.35,19-Jun-2026,22472.15,18803.55,22404.15,3.27,28.64,-1.87,17.17,-0.63,22319.2,25-Jun-2026,22177.55,1,-141.65,22712.05,17421.5
9,2026-06-26 18:57:47,https://nsearchives.nseindia.com/30d/NIFTY-MS-IT-TELCM.svg,https://nsearchives.nseindia.com/365d/NIFTY-MS-IT-TELCM.svg,https://nsearchives.nseindia.com/today/NIFTY-MS-IT-TELCM.svg,26-May-2026,25-Jun-2025,11,0.93,9553.75,NIFTY MIDSMALL IT & TELECOM,NIFTY MS IT TELCM,0,SECTORAL INDICES,9445.1,9427.3,9472.35,19-Jun-2026,9450.9,10391.05,9519.8,8.7,18.64,-0.29,-9.05,-0.18,9462.25,25-Jun-2026,9445.1,0,-17.15,10592.9,7748.35
7,2026-06-26 18:57:47,https://nsearchives.nseindia.com/30d/NIFTY-CHEMICALS.svg,https://nsearchives.nseindia.com/365d/NIFTY-CHEMICALS.svg,https://nsearchives.nseindia.com/today/NIFTY-CHEMICALS.svg,26-May-2026,25-Jun-2025,13,0.59,29990.35,NIFTY CHEMICALS,NIFTY CHEMICALS,0,SECTORAL INDICES,29587.6,29518.65,29745.2,19-Jun-2026,29846,30966.37,29960.1,4.34,47.39,-0.53,-4.45,-0.64,29779,25-Jun-2026,29587.6,0,-191.4,31895.45,24851.65
15,2026-06-26 18:57:47,https://nsearchives.nseindia.com/30d/NIFTY500-HEALTH.svg,,https://nsearchives.nseindia.com/today/NIFTY500-HEALTH.svg,26-May-2026,,34,0.54,20797.5,NIFTY500 HEALTHCARE,NIFTY500 HEALTH,0,SECTORAL INDICES,20642.45,20620.55,20178.95,19-Jun-2026,20298.15,0,20665.65,6.11,43.32,2.3,0,0.08,20625.4,25-Jun-2026,20642.45,0,17.05,20849.6,16294.6
9,2026-06-26 18:57:47,https://nsearchives.nseindia.com/30d/NIFTY-REITS-REALTY.svg,,https://nsearchives.nseindia.com/today/NIFTY-REITS-REALTY.svg,26-May-2026,,6,3.19,1848.35,NIFTY REITS & REALTY,NIFTY REITS REALTY,0,SECTORAL INDICES,1835.7,1832,1789.05,19-Jun-2026,1813.65,0,1832.95,2.54,48.98,2.61,0,0.22,1831.7,25-Jun-2026,1835.7,0,4,1976.65,1632.55
6,2026-06-26 18:57:47,https://nsearchives.nseindia.com/30d/NIFTY-CEMENT.svg,,https://nsearchives.nseindia.com/today/NIFTY-CEMENT.svg,26-May-2026,,10,0.43,15266.45,NIFTY CEMENT,NIFTY CEMENT,0,SECTORAL INDICES,15035,14998.15,15174.15,19-Jun-2026,14918.65,0,15131.55,2.26,28.33,-0.92,0,-0.21,15066.05,25-Jun-2026,15035,0,-31.05,18188.6,13534.8
20,2026-06-26 18:57:47,https://nsearchives.nseindia.com/30d/NIFTY-DIV-OPPS-50.svg,https://nsearchives.nseindia.com/365d/NIFTY-DIV-OPPS-50.svg,https://nsearchives.nseindia.com/today/NIFTY-DIV-OPPS-50.svg,26-May-2026,25-Jun-2025,29,2.49,5835.45,NIFTY DIVIDEND OPPORTUNITIES 50,NIFTY DIV OPPS 50,0,STRATEGY INDICES,5776.1,5771.1,5930.4,19-Jun-2026,5842.85,6053.75,5823.05,2.54,12.9,-2.6,-5.31,-0.39,5798.8,25-Jun-2026,5776.1,1,-22.7,6584.65,5614
8,2026-06-26 18:57:47,https://nsearchives.nseindia.com/30d/NIFTY-GROWSECT-15.svg,https://nsearchives.nseindia.com/365d/NIFTY-GROWSECT-15.svg,https://nsearchives.nseindia.com/today/NIFTY-GROWSECT-15.svg,26-May-2026,25-Jun-2025,7,1.62,10847.4,NIFTY GROWTH SECTORS 15,NIFTY GROWSECT 15,0,STRATEGY INDICES,10766.45,10754.35,10863.15,19-Jun-2026,10700.6,11515.2,10759.2,6.79,27.91,-0.89,-6.55,0.58,10704.3,25-Jun-2026,10766.45,0,62.15,12852.45,10329.35
14,2026-06-26 18:57:47,https://nsearchives.nseindia.com/30d/NIFTY100-QUALTY30.svg,https://nsearchives.nseindia.com/365d/NIFTY100-QUALTY30.svg,https://nsearchives.nseindia.com/today/NIFTY100-QUALTY30.svg,26-May-2026,25-Jun-2025,16,1.72,5481.25,NIFTY100 QUALITY 30,NIFTY100 QUALTY30,0,STRATEGY INDICES,5433.65,5428.75,5560.65,19-Jun-2026,5493,5634.7,5461.55,7.24,28.4,-2.28,-3.99,-0.13,5440.65,25-Jun-2026,5433.65,0,-7,0,0
9,2026-06-26 18:57:47,https://nsearchives.nseindia.com/30d/NIFTY50-VALUE-20.svg,https://nsearchives.nseindia.com/365d/NIFTY50-VALUE-20.svg,https://nsearchives.nseindia.com/today/NIFTY50-VALUE-20.svg,26-May-2026,25-Jun-2025,11,1.7,12128.1,NIFTY50 VALUE 20,NIFTY50 VALUE 20,0,STRATEGY INDICES,12007.3,11997.5,12087.95,19-Jun-2026,11984.25,12892,12069.7,2.67,15.73,-0.67,-7.35,-0.05,12013.1,25-Jun-2026,12007.3,0,-5.8,13684.4,11528.6
,2026-06-26 18:57:47,https://nsearchives.nseindia.com/30d/NIFTY50-TR-2X-LEV.svg,https://nsearchives.nseindia.com/365d/NIFTY50-TR-2X-LEV.svg,https://nsearchives.nseindia.com/today/NIFTY50-TR-2X-LEV.svg,26-May-2026,25-Jun-2025,,0,18471.8,NIFTY50 TR 2X LEVERAGE,NIFTY50 TR 2X LEV,0,STRATEGY INDICES,18162.5,18137.35,17934.7,19-Jun-2026,18107.2,20900.9,18267.85,0,0,1.27,-15.13,0.27,18113.35,25-Jun-2026,18162.5,,49.15,22435.45,15547.15
,2026-06-26 18:57:47,https://nsearchives.nseindia.com/30d/NIFTY50-PR-2X-LEV.svg,https://nsearchives.nseindia.com/365d/NIFTY50-PR-2X-LEV.svg,https://nsearchives.nseindia.com/today/NIFTY50-PR-2X-LEV.svg,26-May-2026,25-Jun-2025,,0,12198.25,NIFTY50 PR 2X LEVERAGE,NIFTY50 PR 2X LEV,0,STRATEGY INDICES,11994,11977.4,11918.15,19-Jun-2026,11964.15,14153.25,12063.6,0,0,0.64,-17.24,0.27,11961.55,25-Jun-2026,11994,,32.45,14993.4,10365.7
,2026-06-26 18:57:47,https://nsearchives.nseindia.com/30d/NIFTY50-TR-1X-INV.svg,https://nsearchives.nseindia.com/365d/NIFTY50-TR-1X-INV.svg,https://nsearchives.nseindia.com/today/NIFTY50-TR-1X-INV.svg,26-May-2026,25-Jun-2025,,0,178.85,NIFTY50 TR 1X INVERSE,NIFTY50 TR 1X INV,0,STRATEGY INDICES,178.75,177.2,179.8,19-Jun-2026,179,166.4,178.2,0,0,-0.58,8.73,-0.11,178.95,25-Jun-2026,178.75,,-0.2,193.35,161.8
,2026-06-26 18:57:47,https://nsearchives.nseindia.com/30d/NIFTY50-PR-1X-INV.svg,https://nsearchives.nseindia.com/365d/NIFTY50-PR-1X-INV.svg,https://nsearchives.nseindia.com/today/NIFTY50-PR-1X-INV.svg,26-May-2026,25-Jun-2025,,0,219.7,NIFTY50 PR 1X INVERSE,NIFTY50 PR 1X INV,0,STRATEGY INDICES,219.55,217.7,220.25,19-Jun-2026,219.8,202,218.95,0,0,-0.32,9.99,-0.14,219.85,25-Jun-2026,219.55,,-0.3,236.5,197.8
,2026-06-26 18:57:47,https://nsearchives.nseindia.com/30d/NIFTY50-DIV-POINT.svg,https://nsearchives.nseindia.com/365d/NIFTY50-DIV-POINT.svg,https://nsearchives.nseindia.com/today/NIFTY50-DIV-POINT.svg,26-May-2026,25-Jun-2025,,0,113.99,NIFTY50 DIVIDEND POINTS,NIFTY50 DIV POINT,0,STRATEGY INDICES,113.99,113.99,39.27,19-Jun-2026,107.45,82.9,113.99,0,0,190.27,37.5,0,113.99,25-Jun-2026,113.99,,0,0,0
19,2026-06-26 18:57:47,https://nsearchives.nseindia.com/30d/NIFTY-ALPHA-50.svg,https://nsearchives.nseindia.com/365d/NIFTY-ALPHA-50.svg,https://nsearchives.nseindia.com/today/NIFTY-ALPHA-50.svg,26-May-2026,25-Jun-2025,31,0.58,54216.55,NIFTY ALPHA 50,NIFTY ALPHA 50,0,STRATEGY INDICES,53550.7,53490.4,53131.5,19-Jun-2026,54407.4,53316.15,54070.9,4.24,26.63,0.79,0.32,-0.69,53922.25,25-Jun-2026,53550.7,0,-371.55,0,0
25,2026-06-26 18:57:47,https://nsearchives.nseindia.com/30d/NIFTY50-EQL-WGT.svg,https://nsearchives.nseindia.com/365d/NIFTY50-EQL-WGT.svg,https://nsearchives.nseindia.com/today/NIFTY50-EQL-WGT.svg,26-May-2026,25-Jun-2025,25,1.28,32824.8,NIFTY50 EQUAL WEIGHT,NIFTY50 EQL WGT,0,STRATEGY INDICES,32575.1,32541.6,32754.5,19-Jun-2026,32684.85,31667.1,32671.1,3.7,25.05,-0.55,1.77,0.08,32549.65,25-Jun-2026,32575.1,0,25.45,0,0
50,2026-06-26 18:57:47,https://nsearchives.nseindia.com/30d/NIFTY100-EQL-WGT.svg,https://nsearchives.nseindia.com/365d/NIFTY100-EQL-WGT.svg,https://nsearchives.nseindia.com/today/NIFTY100-EQL-WGT.svg,26-May-2026,25-Jun-2025,50,1.16,34598.1,NIFTY100 EQUAL WEIGHT,NIFTY100 EQL WGT,0,STRATEGY INDICES,34348.15,34314.6,34163.35,19-Jun-2026,34496.45,32770.65,34453.65,3.59,22.03,0.54,3.79,0.08,34322,25-Jun-2026,34348.15,0,26.15,0,0
18,2026-06-26 18:57:47,https://nsearchives.nseindia.com/30d/NIFTY100-LOWVOL30.svg,https://nsearchives.nseindia.com/365d/NIFTY100-LOWVOL30.svg,https://nsearchives.nseindia.com/today/NIFTY100-LOWVOL30.svg,26-May-2026,25-Jun-2025,12,1.34,19968.3,NIFTY100 LOW VOLATILITY 30,NIFTY100 LOWVOL30,0,STRATEGY INDICES,19820.8,19803.55,19717.05,19-Jun-2026,19739.65,19997.15,19866.55,4.61,27.15,0.53,-1.59,0.22,19777.2,25-Jun-2026,19820.8,0,43.6,0,0
13,2026-06-26 18:57:47,https://nsearchives.nseindia.com/30d/NIFTY200-QUALTY30.svg,https://nsearchives.nseindia.com/365d/NIFTY200-QUALTY30.svg,https://nsearchives.nseindia.com/today/NIFTY200-QUALTY30.svg,26-May-2026,25-Jun-2025,17,1.72,19931.5,NIFTY200 QUALITY 30,NIFTY200 QUALTY30,0,STRATEGY INDICES,19759.5,19740.55,20246.15,19-Jun-2026,20055.9,20812.3,19844.45,9.41,28.85,-2.4,-5.51,-0.1,19779.95,25-Jun-2026,19759.5,0,-20.45,0,0
18,2026-06-26 18:57:47,https://nsearchives.nseindia.com/30d/NIFTY-ALPHALOWVOL.svg,https://nsearchives.nseindia.com/365d/NIFTY-ALPHALOWVOL.svg,https://nsearchives.nseindia.com/today/NIFTY-ALPHALOWVOL.svg,26-May-2026,25-Jun-2025,12,0.79,26626.65,NIFTY ALPHA LOW-VOLATILITY 30,NIFTY ALPHALOWVOL,0,STRATEGY INDICES,26443.3,26417.85,26070.6,19-Jun-2026,26298.5,27003.05,26458.1,4.49,31.09,1.43,-2.61,0.31,26362,25-Jun-2026,26443.3,0,81.3,0,0
13,2026-06-26 18:57:47,https://nsearchives.nseindia.com/30d/NIFTY200MOMENTM30.svg,https://nsearchives.nseindia.com/365d/NIFTY200MOMENTM30.svg,https://nsearchives.nseindia.com/today/NIFTY200MOMENTM30.svg,26-May-2026,25-Jun-2025,17,0.69,31503.95,NIFTY200 MOMENTUM 30,NIFTY200MOMENTM30,0,STRATEGY INDICES,31184.4,31156.7,30773.9,19-Jun-2026,31253.85,31732.15,31313.6,4.45,27.06,1.33,-2.24,0.05,31167.7,25-Jun-2026,31184.4,0,16.7,0,0
22,2026-06-26 18:57:47,https://nsearchives.nseindia.com/30d/NIFTY-M150-QLTY50.svg,https://nsearchives.nseindia.com/365d/NIFTY-M150-QLTY50.svg,https://nsearchives.nseindia.com/today/NIFTY-M150-QLTY50.svg,26-May-2026,25-Jun-2025,28,1.19,24357.2,NIFTY MIDCAP150 QUALITY 50,NIFTY M150 QLTY50,0,STRATEGY INDICES,24121.9,24097.65,23899.3,19-Jun-2026,24442.5,24669.75,24316.95,7.76,32.06,0.93,-2.53,-0.46,24234.1,25-Jun-2026,24121.9,0,-112.2,0,0
11,2026-06-26 18:57:47,https://nsearchives.nseindia.com/30d/NIFTY200-ALPHA-30.svg,https://nsearchives.nseindia.com/365d/NIFTY200-ALPHA-30.svg,https://nsearchives.nseindia.com/today/NIFTY200-ALPHA-30.svg,26-May-2026,25-Jun-2025,19,0.71,26435.65,NIFTY200 ALPHA 30,NIFTY200 ALPHA 30,0,STRATEGY INDICES,26162.85,26132.9,26247.9,19-Jun-2026,26480.95,25476.6,26361.3,3.96,23.12,-0.32,1.69,-0.47,26286,25-Jun-2026,26162.85,0,-123.15,0,0
21,2026-06-26 18:57:47,https://nsearchives.nseindia.com/30d/NIFTYM150MOMNTM50.svg,https://nsearchives.nseindia.com/365d/NIFTYM150MOMNTM50.svg,https://nsearchives.nseindia.com/today/NIFTYM150MOMNTM50.svg,26-May-2026,25-Jun-2025,29,0.67,64373.35,NIFTY MIDCAP150 MOMENTUM 50,NIFTYM150MOMNTM50,0,STRATEGY INDICES,63675.75,63617.7,63718.75,19-Jun-2026,64557.15,63379.4,64220.55,5.06,25.09,-0.07,0.14,-0.41,63938.45,25-Jun-2026,63675.75,0,-262.7,0,0
24,2026-06-26 18:57:47,https://nsearchives.nseindia.com/30d/NIFTY500MOMENTM50.svg,https://nsearchives.nseindia.com/365d/NIFTY500MOMENTM50.svg,https://nsearchives.nseindia.com/today/NIFTY500MOMENTM50.svg,26-May-2026,25-Jun-2025,26,0.57,54807.15,NIFTY500 MOMENTUM 50,NIFTY500MOMENTM50,0,STRATEGY INDICES,54320.55,54273.3,53663.35,19-Jun-2026,54381.55,55140.4,54486.95,5.03,30.38,1.22,-1.69,0.15,54239.9,25-Jun-2026,54320.55,0,80.65,0,0
42,2026-06-26 18:57:47,https://nsearchives.nseindia.com/30d/NIFTYMS400-MQ-100.svg,https://nsearchives.nseindia.com/365d/NIFTYMS400-MQ-100.svg,https://nsearchives.nseindia.com/today/NIFTYMS400-MQ-100.svg,26-May-2026,25-Jun-2025,58,0.77,51263.5,NIFTY MIDSMALLCAP400 MOMENTUM QUALITY 100,NIFTYMS400 MQ 100,0,STRATEGY INDICES,50781.75,50734.5,51219.6,19-Jun-2026,51617.8,50760.7,51146.4,6.34,28.63,-0.85,-0.23,-0.37,50970.05,25-Jun-2026,50781.75,0,-188.3,0,0
33,2026-06-26 18:57:47,https://nsearchives.nseindia.com/30d/NIFTYSML250MQ-100.svg,https://nsearchives.nseindia.com/365d/NIFTYSML250MQ-100.svg,https://nsearchives.nseindia.com/today/NIFTYSML250MQ-100.svg,26-May-2026,25-Jun-2025,67,0.77,46708.8,NIFTY SMALLCAP250 MOMENTUM QUALITY 100,NIFTYSML250MQ 100,0,STRATEGY INDICES,46479.1,46440.6,45551.35,19-Jun-2026,46404.85,47937.05,46651.2,5.01,28.61,2.04,-3.47,-0.11,46530.8,25-Jun-2026,46479.1,0,-51.7,0,0
5,2026-06-26 18:57:47,https://nsearchives.nseindia.com/30d/NIFTY-TOP-10-EW.svg,https://nsearchives.nseindia.com/365d/NIFTY-TOP-10-EW.svg,https://nsearchives.nseindia.com/today/NIFTY-TOP-10-EW.svg,26-May-2026,25-Jun-2025,5,1.34,8756.7,NIFTY TOP 10 EQUAL WEIGHT,NIFTY TOP 10 EW,0,STRATEGY INDICES,8672.2,8662.35,8597,19-Jun-2026,8636.15,9876.55,8723.1,3.22,18.73,0.87,-13.22,-0.03,8675.2,25-Jun-2026,8672.2,0,-3,0,0
19,2026-06-26 18:57:47,https://nsearchives.nseindia.com/30d/NIFTY-AQL-30.svg,https://nsearchives.nseindia.com/365d/NIFTY-AQL-30.svg,https://nsearchives.nseindia.com/today/NIFTY-AQL-30.svg,26-May-2026,25-Jun-2025,11,1.3,22813.35,NIFTY ALPHA QUALITY LOW-VOLATILITY 30,NIFTY AQL 30,0,STRATEGY INDICES,22638.25,22605.4,22451.25,19-Jun-2026,22596.65,22394.35,22614,7.56,32.35,0.83,0.69,0.42,22542.75,25-Jun-2026,22638.25,0,95.5,0,0
18,2026-06-26 18:57:47,https://nsearchives.nseindia.com/30d/NIFTY-AQLV-30.svg,https://nsearchives.nseindia.com/365d/NIFTY-AQLV-30.svg,https://nsearchives.nseindia.com/today/NIFTY-AQLV-30.svg,26-May-2026,25-Jun-2025,12,1.83,20175.65,NIFTY ALPHA QUALITY VALUE LOW-VOLATILITY 30,NIFTY AQLV 30,0,STRATEGY INDICES,20019.85,19997.35,20052.95,19-Jun-2026,19993.25,20593.65,20087.35,4.45,21.36,-0.17,-3.3,0.16,19988.2,25-Jun-2026,20019.85,0,31.65,0,0
17,2026-06-26 18:57:47,https://nsearchives.nseindia.com/30d/NIFTY-HIGHBETA-50.svg,https://nsearchives.nseindia.com/365d/NIFTY-HIGHBETA-50.svg,https://nsearchives.nseindia.com/today/NIFTY-HIGHBETA-50.svg,26-May-2026,25-Jun-2025,32,0.8,4343.1,NIFTY HIGH BETA 50,NIFTY HIGHBETA 50,0,STRATEGY INDICES,4296.2,4288.15,4241.7,19-Jun-2026,4344.3,3786,4328.95,3.77,25.44,1.28,12.31,-0.4,4313.55,25-Jun-2026,4296.2,1,-17.35,0,0
27,2026-06-26 18:57:47,https://nsearchives.nseindia.com/30d/NIFTY-LOW-VOL-50.svg,https://nsearchives.nseindia.com/365d/NIFTY-LOW-VOL-50.svg,https://nsearchives.nseindia.com/today/NIFTY-LOW-VOL-50.svg,26-May-2026,25-Jun-2025,23,1.23,24532.25,NIFTY LOW VOLATILITY 50,NIFTY LOW VOL 50,0,STRATEGY INDICES,24365.5,24345.1,24362.75,19-Jun-2026,24274.3,25191.6,24418.85,4.78,28.42,0.01,-3.93,0.16,24326.05,25-Jun-2026,24365.5,0,39.45,0,0
17,2026-06-26 18:57:47,https://nsearchives.nseindia.com/30d/NIFTY-QLTY-LV-30.svg,https://nsearchives.nseindia.com/365d/NIFTY-QLTY-LV-30.svg,https://nsearchives.nseindia.com/today/NIFTY-QLTY-LV-30.svg,26-May-2026,25-Jun-2025,13,1.73,16432.55,NIFTY QUALITY LOW-VOLATILITY 30,NIFTY QLTY LV 30,0,STRATEGY INDICES,16307.75,16290.2,16293.35,19-Jun-2026,16237.3,17196.85,16336.25,5.83,26.42,0.09,-5.56,0.31,16258.05,25-Jun-2026,16307.75,0,49.7,0,0
10,2026-06-26 18:57:47,https://nsearchives.nseindia.com/30d/NIFTY-SML250-Q50.svg,https://nsearchives.nseindia.com/365d/NIFTY-SML250-Q50.svg,https://nsearchives.nseindia.com/today/NIFTY-SML250-Q50.svg,26-May-2026,25-Jun-2025,40,1.44,25353.3,NIFTY SMALLCAP250 QUALITY 50,NIFTY SML250 Q50,0,STRATEGY INDICES,25053.4,25021.55,24849.55,19-Jun-2026,25328.8,27796.25,25320,5.18,23.87,0.82,-10.07,-0.65,25218.5,25-Jun-2026,25053.4,0,-165.1,0,0
9,2026-06-26 18:57:47,https://nsearchives.nseindia.com/30d/NIFTY-TOP-15-EW.svg,https://nsearchives.nseindia.com/365d/NIFTY-TOP-15-EW.svg,https://nsearchives.nseindia.com/today/NIFTY-TOP-15-EW.svg,26-May-2026,25-Jun-2025,6,1.23,9904,NIFTY TOP 15 EQUAL WEIGHT,NIFTY TOP 15 EW,0,STRATEGY INDICES,9810.9,9801.85,9639.15,19-Jun-2026,9730.35,10371.6,9814.55,3.43,19.93,1.78,-6.25,0.52,9760,25-Jun-2026,9810.9,0,50.9,0,0
14,2026-06-26 18:57:47,https://nsearchives.nseindia.com/30d/NIFTY100-ALPHA-30.svg,https://nsearchives.nseindia.com/365d/NIFTY100-ALPHA-30.svg,https://nsearchives.nseindia.com/today/NIFTY100-ALPHA-30.svg,26-May-2026,25-Jun-2025,16,1.4,18224.9,NIFTY100 ALPHA 30,NIFTY100 ALPHA 30,0,STRATEGY INDICES,18079.7,18064.2,18002.4,19-Jun-2026,18298.4,18355.45,18107.65,3.15,16.32,0.43,-2.76,0.11,18059.25,25-Jun-2026,18079.7,0,20.45,0,0
8,2026-06-26 18:57:47,https://nsearchives.nseindia.com/30d/NIFTY200-VALUE-30.svg,https://nsearchives.nseindia.com/365d/NIFTY200-VALUE-30.svg,https://nsearchives.nseindia.com/today/NIFTY200-VALUE-30.svg,26-May-2026,25-Jun-2025,22,2.46,15404.75,NIFTY200 VALUE 30,NIFTY200 VALUE 30,0,STRATEGY INDICES,15198.15,15174.95,15612.6,19-Jun-2026,15454.75,12935.65,15395.65,1.42,9.04,-2.65,15.47,-0.92,15339.65,25-Jun-2026,15198.15,0,-141.5,0,0
172,2026-06-26 18:57:47,https://nsearchives.nseindia.com/30d/NIFTY500-EW.svg,https://nsearchives.nseindia.com/365d/NIFTY500-EW.svg,https://nsearchives.nseindia.com/today/NIFTY500-EW.svg,26-May-2026,25-Jun-2025,327,0.8,14856.45,NIFTY500 EQUAL WEIGHT,NIFTY500 EW,0,STRATEGY INDICES,14719.5,14700.4,14376.1,19-Jun-2026,14784.8,14405.05,14841.5,3.86,28.75,2.39,1.78,-0.4,14777.9,25-Jun-2026,14719.5,1,-58.4,0,0
19,2026-06-26 18:57:47,https://nsearchives.nseindia.com/30d/NIFTY-MULTI-MQ-50.svg,https://nsearchives.nseindia.com/365d/NIFTY-MULTI-MQ-50.svg,https://nsearchives.nseindia.com/today/NIFTY-MULTI-MQ-50.svg,26-May-2026,25-Jun-2025,31,0.83,42451.65,NIFTY500 MULTICAP MOMENTUM QUALITY 50,NIFTY MULTI MQ 50,0,STRATEGY INDICES,42021.3,41978.2,43023.35,19-Jun-2026,42858.15,43461.4,42217.65,7.84,32.16,-2.33,-3.44,-0.18,42098.75,25-Jun-2026,42021.3,0,-77.45,0,0
13,2026-06-26 18:57:47,https://nsearchives.nseindia.com/30d/NIFTY500-VALUE-50.svg,https://nsearchives.nseindia.com/365d/NIFTY500-VALUE-50.svg,https://nsearchives.nseindia.com/today/NIFTY500-VALUE-50.svg,26-May-2026,25-Jun-2025,36,2.42,16399.9,NIFTY500 VALUE 50,NIFTY500 VALUE 50,0,STRATEGY INDICES,16176.75,16154.45,16736.65,19-Jun-2026,16533.15,14024.5,16393.95,1.45,9.96,-3.35,13.68,-1.07,16352.05,25-Jun-2026,16176.75,1,-175.3,0,0
9,2026-06-26 18:57:47,https://nsearchives.nseindia.com/30d/NIFTY-TOP-20-EW.svg,https://nsearchives.nseindia.com/365d/NIFTY-TOP-20-EW.svg,https://nsearchives.nseindia.com/today/NIFTY-TOP-20-EW.svg,26-May-2026,25-Jun-2025,11,1.32,8706,NIFTY TOP 20 EQUAL WEIGHT,NIFTY TOP 20 EW,0,STRATEGY INDICES,8629.25,8622.25,8541.35,19-Jun-2026,8624.4,9222.9,8650.85,3.67,21.73,1.03,-7.22,0.19,8613.25,25-Jun-2026,8629.25,0,16,0,0
18,2026-06-26 18:57:47,https://nsearchives.nseindia.com/30d/NIFTY500-QLTY50.svg,https://nsearchives.nseindia.com/365d/NIFTY500-QLTY50.svg,https://nsearchives.nseindia.com/today/NIFTY500-QLTY50.svg,26-May-2026,25-Jun-2025,32,1.26,19697.5,NIFTY500 QUALITY 50,NIFTY500 QLTY50,0,STRATEGY INDICES,19522.55,19500.45,19861.2,19-Jun-2026,19955.7,19790.75,19633.65,10.15,30.55,-1.71,-1.91,-0.29,19579.5,25-Jun-2026,19522.55,0,-56.95,0,0
21,2026-06-26 18:57:47,https://nsearchives.nseindia.com/30d/NIFTY500-LOWVOL50.svg,https://nsearchives.nseindia.com/365d/NIFTY500-LOWVOL50.svg,https://nsearchives.nseindia.com/today/NIFTY500-LOWVOL50.svg,26-May-2026,25-Jun-2025,29,1.73,22061.6,NIFTY500 LOW VOLATILITY 50,NIFTY500 LOWVOL50,0,STRATEGY INDICES,21870.5,21855.25,22170.8,19-Jun-2026,21956.25,21812.15,22015.3,4.31,22.75,-1.35,-0.29,-0.26,21927.1,25-Jun-2026,21870.5,0,-56.6,0,0
19,2026-06-26 18:57:47,https://nsearchives.nseindia.com/30d/NIFTY500-MQVLV50.svg,https://nsearchives.nseindia.com/365d/NIFTY500-MQVLV50.svg,https://nsearchives.nseindia.com/today/NIFTY500-MQVLV50.svg,26-May-2026,25-Jun-2025,31,1.71,31263.5,NIFTY500 MULTIFACTOR MQVLV 50,NIFTY500 MQVLV50,0,STRATEGY INDICES,31009.75,30978.85,31134.05,19-Jun-2026,31135.35,31494.6,31169.85,2.74,13.67,-0.4,-2.19,-0.18,31065.35,25-Jun-2026,31009.75,0,-55.6,0,0
,2026-06-26 18:57:47,https://nsearchives.nseindia.com/30d/NIFTY50-USD.svg,,https://nsearchives.nseindia.com/today/NIFTY50-USD.svg,26-May-2026,,,0,8901.15,NIFTY50 USD,NIFTY50 USD,0,STRATEGY INDICES,8830.35,8787.95,8659.65,19-Jun-2026,8819.97,0,8793.45,0,0,1.97,-14.51,0.41,8793.46,25-Jun-2026,8830.46,,36.89,0,0
9,2026-06-26 18:57:47,https://nsearchives.nseindia.com/30d/NIFTY500-FLEXICAP.svg,,https://nsearchives.nseindia.com/today/NIFTY500-FLEXICAP.svg,26-May-2026,,21,1.48,9737.3,NIFTY500 FLEXICAP QUALITY 30,NIFTY500 FLEXICAP,0,STRATEGY INDICES,9627.8,9619.55,9740.75,19-Jun-2026,9762.2,0,9720.2,6.46,30.07,-1.16,0,-0.51,9677.35,25-Jun-2026,9627.8,0,-49.55,0,0
20,2026-06-26 18:57:47,https://nsearchives.nseindia.com/30d/NIFTY-TMMQ-50.svg,,https://nsearchives.nseindia.com/today/NIFTY-TMMQ-50.svg,26-May-2026,,30,0.79,44471.65,NIFTY TOTAL MARKET MOMENTUM QUALITY 50,NIFTY TMMQ 50,0,STRATEGY INDICES,44000.5,43956.7,44882.3,19-Jun-2026,45051.35,0,44252.1,8.23,34.19,-1.96,0,-0.3,44133,25-Jun-2026,44000.5,0,-132.5,0,0
7,2026-06-26 18:57:47,https://nsearchives.nseindia.com/30d/NIFTY-COMMODITIES.svg,https://nsearchives.nseindia.com/365d/NIFTY-COMMODITIES.svg,https://nsearchives.nseindia.com/today/NIFTY-COMMODITIES.svg,26-May-2026,25-Jun-2025,23,1.75,9974,NIFTY COMMODITIES,NIFTY COMMODITIES,0,THEMATIC INDICES,9855,9837.6,10395.3,19-Jun-2026,10055.8,8753.6,9964.25,2.17,14.22,-5.2,10.63,-0.9,9944.7,25-Jun-2026,9855,0,-89.7,10569.65,8560.6
16,2026-06-26 18:57:47,https://nsearchives.nseindia.com/30d/NIFTY-CONSUMPTION.svg,https://nsearchives.nseindia.com/365d/NIFTY-CONSUMPTION.svg,https://nsearchives.nseindia.com/today/NIFTY-CONSUMPTION.svg,26-May-2026,25-Jun-2025,14,0.73,11668,NIFTY INDIA CONSUMPTION,NIFTY CONSUMPTION,0,THEMATIC INDICES,11592.9,11553.1,11399.15,19-Jun-2026,11621.6,11758.75,11553.1,7.62,38.62,1.7,-2.21,0.73,11509.2,25-Jun-2026,11592.9,0,83.7,12716.2,10298.5
0,2026-06-26 18:57:47,https://nsearchives.nseindia.com/30d/NIFTY-CPSE.svg,https://nsearchives.nseindia.com/365d/NIFTY-CPSE.svg,https://nsearchives.nseindia.com/today/NIFTY-CPSE.svg,26-May-2026,25-Jun-2025,11,2.79,6766.05,NIFTY CPSE,NIFTY CPSE,0,THEMATIC INDICES,6625.55,6619.5,7149.1,19-Jun-2026,6865.05,6532.3,6751.9,2.14,12.63,-7.32,0.48,-1.83,6748.85,25-Jun-2026,6625.55,0,-123.3,7593.35,6101.9
12,2026-06-26 18:57:47,https://nsearchives.nseindia.com/30d/NIFTY-ENERGY.svg,https://nsearchives.nseindia.com/365d/NIFTY-ENERGY.svg,https://nsearchives.nseindia.com/today/NIFTY-ENERGY.svg,26-May-2026,25-Jun-2025,28,1.88,40165.15,NIFTY ENERGY,NIFTY ENERGY,0,THEMATIC INDICES,39637,39569.25,40814.6,19-Jun-2026,40548.1,35820.55,40080.2,2.41,14.76,-2.89,9.56,-0.68,39908.4,25-Jun-2026,39637,0,-271.4,41828.55,32890.3
14,2026-06-26 18:57:47,https://nsearchives.nseindia.com/30d/NIFTY-INFRA.svg,https://nsearchives.nseindia.com/365d/NIFTY-INFRA.svg,https://nsearchives.nseindia.com/today/NIFTY-INFRA.svg,26-May-2026,25-Jun-2025,16,1.07,9537.05,NIFTY INFRASTRUCTURE,NIFTY INFRA,0,THEMATIC INDICES,9460.5,9442.35,9418.3,19-Jun-2026,9511.85,9205.5,9498.65,3.01,21.49,0.45,1.12,-0.03,9463.1,25-Jun-2026,9460.5,0,-2.6,9792.6,8426.65
7,2026-06-26 18:57:47,https://nsearchives.nseindia.com/30d/NIFTY100-LIQ-15.svg,https://nsearchives.nseindia.com/365d/NIFTY100-LIQ-15.svg,https://nsearchives.nseindia.com/today/NIFTY100-LIQ-15.svg,26-May-2026,25-Jun-2025,8,0.89,7490.5,NIFTY100 LIQUID 15,NIFTY100 LIQ 15,0,THEMATIC INDICES,7428.35,7420.9,7191.55,19-Jun-2026,7412.75,7074.5,7444.7,3.2,24.51,3.29,3.52,0.23,7411.4,25-Jun-2026,7428.35,0,16.95,7774.6,6565.7
3,2026-06-26 18:57:47,https://nsearchives.nseindia.com/30d/NIFTY-MID-LIQ-15.svg,https://nsearchives.nseindia.com/365d/NIFTY-MID-LIQ-15.svg,https://nsearchives.nseindia.com/today/NIFTY-MID-LIQ-15.svg,26-May-2026,25-Jun-2025,12,0.49,16620.25,NIFTY MIDCAP LIQUID 15,NIFTY MID LIQ 15,0,THEMATIC INDICES,16402.45,16384.4,17030.65,19-Jun-2026,16664.25,15596.35,16561.3,5.4,39.27,-3.69,4.98,-0.52,16488.2,25-Jun-2026,16402.45,0,-85.75,17142.65,13702.75
16,2026-06-26 18:57:47,https://nsearchives.nseindia.com/30d/NIFTY-MNC.svg,https://nsearchives.nseindia.com/365d/NIFTY-MNC.svg,https://nsearchives.nseindia.com/today/NIFTY-MNC.svg,26-May-2026,25-Jun-2025,14,1.46,32721.1,NIFTY MNC,NIFTY MNC,0,THEMATIC INDICES,32526.3,32364.55,32169.8,19-Jun-2026,32685.15,28497.8,32371.5,7.99,36.81,1.11,13.34,0.87,32247.1,25-Jun-2026,32526.3,0,279.2,33825.6,27597.2
2,2026-06-26 18:57:47,https://nsearchives.nseindia.com/30d/NIFTY-PSE.svg,https://nsearchives.nseindia.com/365d/NIFTY-PSE.svg,https://nsearchives.nseindia.com/today/NIFTY-PSE.svg,26-May-2026,25-Jun-2025,18,2.82,10136.4,NIFTY PSE,NIFTY PSE,0,THEMATIC INDICES,9954,9942.05,10429.8,19-Jun-2026,10178.5,9872.8,10117.05,1.99,10.12,-4.56,-0.51,-1.34,10089.3,25-Jun-2026,9954,0,-135.3,10839.05,9168.35
10,2026-06-26 18:57:47,https://nsearchives.nseindia.com/30d/NIFTY-SERV-SECTOR.svg,https://nsearchives.nseindia.com/365d/NIFTY-SERV-SECTOR.svg,https://nsearchives.nseindia.com/today/NIFTY-SERV-SECTOR.svg,26-May-2026,25-Jun-2025,20,1.53,31019,NIFTY SERVICES SECTOR,NIFTY SERV SECTOR,0,THEMATIC INDICES,30697.25,30673.85,30207.1,19-Jun-2026,30562.7,33340.85,30879.15,3.17,19.7,1.62,-9.11,-0.07,30720.2,25-Jun-2026,30697.25,0,-22.95,34549.75,28232.65
28,2026-06-26 18:57:47,https://nsearchives.nseindia.com/30d/NIFTY100ESGSECLDR.svg,https://nsearchives.nseindia.com/365d/NIFTY100ESGSECLDR.svg,https://nsearchives.nseindia.com/today/NIFTY100ESGSECLDR.svg,26-May-2026,25-Jun-2025,36,1.41,4056,NIFTY100 ESG SECTOR LEADERS,NIFTY100ESGSECLDR,0,THEMATIC INDICES,4020,4017.2,4002.2,19-Jun-2026,4017,4217.7,4037.7,3.37,21.15,0.44,-5.87,0,4020,25-Jun-2026,4020,0,0,0,0
14,2026-06-26 18:57:47,https://nsearchives.nseindia.com/30d/NIFTY-IND-DIGITAL.svg,https://nsearchives.nseindia.com/365d/NIFTY-IND-DIGITAL.svg,https://nsearchives.nseindia.com/today/NIFTY-IND-DIGITAL.svg,26-May-2026,25-Jun-2025,37,1.57,7885.95,NIFTY INDIA DIGITAL,NIFTY IND DIGITAL,0,THEMATIC INDICES,7764.6,7754.05,7899.2,19-Jun-2026,7845.65,9184.75,7864.2,6.97,28.38,-1.7,-15.94,-0.75,7823.05,25-Jun-2026,7764.6,0,-58.45,9723.25,7233.65
36,2026-06-26 18:57:47,https://nsearchives.nseindia.com/30d/NIFTY100-ESG.svg,https://nsearchives.nseindia.com/365d/NIFTY100-ESG.svg,https://nsearchives.nseindia.com/today/NIFTY100-ESG.svg,26-May-2026,25-Jun-2025,45,1.38,4928.75,NIFTY100 ESG,NIFTY100 ESG,0,THEMATIC INDICES,4885.75,4882.4,4855.55,19-Jun-2026,4894.5,4948.95,4908.2,3.92,22.12,0.62,-2.35,-0.01,4886.2,25-Jun-2026,4885.75,0,-0.45,0,0
34,2026-06-26 18:57:47,https://nsearchives.nseindia.com/30d/NIFTY-INDIA-MFG.svg,https://nsearchives.nseindia.com/365d/NIFTY-INDIA-MFG.svg,https://nsearchives.nseindia.com/today/NIFTY-INDIA-MFG.svg,26-May-2026,25-Jun-2025,42,1.03,16031.25,NIFTY INDIA MANUFACTURING,NIFTY INDIA MFG,0,THEMATIC INDICES,15925.25,15913.7,15954.3,19-Jun-2026,16020.9,14338.4,15928.2,4.34,26.67,-0.18,10.23,0.25,15885.2,25-Jun-2026,15925.25,0,40.05,0,0
3,2026-06-26 18:57:47,https://nsearchives.nseindia.com/30d/NIFTY-TATA-25-CAP.svg,https://nsearchives.nseindia.com/365d/NIFTY-TATA-25-CAP.svg,https://nsearchives.nseindia.com/today/NIFTY-TATA-25-CAP.svg,26-May-2026,25-Jun-2025,7,1.74,14157.8,NIFTY INDIA CORPORATE GROUP INDEX - TATA GROUP 25% CAP,NIFTY TATA 25 CAP,0,THEMATIC INDICES,14075.45,14061.4,14285.15,19-Jun-2026,14261.35,15635.85,14141.45,4.51,33.15,-1.47,-10.67,0.08,14063.95,25-Jun-2026,14075.45,0,11.5,15841.75,13218.65
27,2026-06-26 18:57:47,https://nsearchives.nseindia.com/30d/NIFTY-MULTI-MFG.svg,https://nsearchives.nseindia.com/365d/NIFTY-MULTI-MFG.svg,https://nsearchives.nseindia.com/today/NIFTY-MULTI-MFG.svg,26-May-2026,25-Jun-2025,48,0.8,16367.35,NIFTY500 MULTICAP INDIA MANUFACTURING 50:30:20,NIFTY MULTI MFG,0,THEMATIC INDICES,16240.55,16224.65,16346.95,19-Jun-2026,16278.45,15062.55,16285.15,4.11,29.55,-0.65,7.03,0.07,16228.7,25-Jun-2026,16240.55,0,11.85,16649.05,14148.2
26,2026-06-26 18:57:47,https://nsearchives.nseindia.com/30d/NIFTY-MULTI-INFRA.svg,https://nsearchives.nseindia.com/365d/NIFTY-MULTI-INFRA.svg,https://nsearchives.nseindia.com/today/NIFTY-MULTI-INFRA.svg,26-May-2026,25-Jun-2025,49,0.88,14811.05,NIFTY500 MULTICAP INFRASTRUCTURE 50:30:20,NIFTY MULTI INFRA,0,THEMATIC INDICES,14682.3,14657.15,14503.35,19-Jun-2026,14724.65,14267.35,14778.9,3.55,23.42,1.23,1.65,-0.22,14714.5,25-Jun-2026,14682.3,0,-32.2,14885.8,12542.85
3,2026-06-26 18:57:47,https://nsearchives.nseindia.com/30d/NIFTY-IND-DEFENCE.svg,https://nsearchives.nseindia.com/365d/NIFTY-IND-DEFENCE.svg,https://nsearchives.nseindia.com/today/NIFTY-IND-DEFENCE.svg,26-May-2026,25-Jun-2025,16,0.51,9527.1,NIFTY INDIA DEFENCE,NIFTY IND DEFENCE,0,THEMATIC INDICES,9396,9379.2,9244.35,19-Jun-2026,9587.5,8681.15,9490.7,12.5,58.38,1.64,7.83,-0.7,9462.35,25-Jun-2026,9396,0,-66.35,9784.6,7184.9
4,2026-06-26 18:57:47,https://nsearchives.nseindia.com/30d/NIFTY-IND-TOURISM.svg,https://nsearchives.nseindia.com/365d/NIFTY-IND-TOURISM.svg,https://nsearchives.nseindia.com/today/NIFTY-IND-TOURISM.svg,26-May-2026,25-Jun-2025,11,0.42,8096,NIFTY INDIA TOURISM,NIFTY IND TOURISM,0,THEMATIC INDICES,8026.8,8018.45,7309.75,19-Jun-2026,7893.15,9180,8022,9.75,80.63,9.81,-13.03,0.55,7982.55,25-Jun-2026,8026.8,0,44.25,9497.2,6502.65
6,2026-06-26 18:57:47,https://nsearchives.nseindia.com/30d/NIFTY-CAPITAL-MKT.svg,https://nsearchives.nseindia.com/365d/NIFTY-CAPITAL-MKT.svg,https://nsearchives.nseindia.com/today/NIFTY-CAPITAL-MKT.svg,26-May-2026,25-Jun-2025,11,0.69,5498.75,NIFTY CAPITAL MARKETS,NIFTY CAPITAL MKT,0,THEMATIC INDICES,5437,5429.85,5671.5,19-Jun-2026,5562.7,4655.15,5463.85,13.28,47.72,-4.13,16.34,-0.34,5455.45,25-Jun-2026,5437,0,-18.45,5697.1,4086.85
27,2026-06-26 18:57:47,https://nsearchives.nseindia.com/30d/NIFTY-EV.svg,https://nsearchives.nseindia.com/365d/NIFTY-EV.svg,https://nsearchives.nseindia.com/today/NIFTY-EV.svg,26-May-2026,25-Jun-2025,11,0.83,3171.85,NIFTY EV & NEW AGE AUTOMOTIVE,NIFTY EV,0,THEMATIC INDICES,3147.05,3120.95,3068.55,19-Jun-2026,3124.65,2918.9,3122.2,5.07,42.64,2.56,7.45,1.36,3104.95,25-Jun-2026,3147.05,0,42.1,0,0
28,2026-06-26 18:57:47,https://nsearchives.nseindia.com/30d/NIFTY-NEW-CONSUMP.svg,https://nsearchives.nseindia.com/365d/NIFTY-NEW-CONSUMP.svg,https://nsearchives.nseindia.com/today/NIFTY-NEW-CONSUMP.svg,26-May-2026,25-Jun-2025,47,0.58,11474.55,NIFTY INDIA NEW AGE CONSUMPTION,NIFTY NEW CONSUMP,0,THEMATIC INDICES,11387.55,11377.3,11014.3,19-Jun-2026,11410.65,11783.25,11404.5,6.95,45.58,3.39,-3.82,0.3,11353.5,25-Jun-2026,11387.55,0,34.05,0,0
19,2026-06-26 18:57:47,https://nsearchives.nseindia.com/30d/NIFTY-CORP-MAATR.svg,https://nsearchives.nseindia.com/365d/NIFTY-CORP-MAATR.svg,https://nsearchives.nseindia.com/today/NIFTY-CORP-MAATR.svg,26-May-2026,25-Jun-2025,23,0.97,38823.05,NIFTY INDIA SELECT 5 CORPORATE GROUPS (MAATR),NIFTY CORP MAATR,0,THEMATIC INDICES,38552.7,38504.8,39104.9,19-Jun-2026,38612.3,36803.95,38609.95,3.32,24.93,-1.41,3.45,0.25,38457.35,25-Jun-2026,38552.7,0,95.35,0,0
18,2026-06-26 18:57:47,https://nsearchives.nseindia.com/30d/NIFTY-MOBILITY.svg,https://nsearchives.nseindia.com/365d/NIFTY-MOBILITY.svg,https://nsearchives.nseindia.com/today/NIFTY-MOBILITY.svg,26-May-2026,25-Jun-2025,12,1,22495.1,NIFTY MOBILITY,NIFTY MOBILITY,0,THEMATIC INDICES,22307.8,22095,21668.5,19-Jun-2026,22091.2,20636.55,22095,4.58,33.55,2.95,6.89,1.46,21986.2,25-Jun-2026,22307.8,0,321.6,0,0
36,2026-06-26 18:57:47,https://nsearchives.nseindia.com/30d/NIFTY100-ENH-ESG.svg,https://nsearchives.nseindia.com/365d/NIFTY100-ENH-ESG.svg,https://nsearchives.nseindia.com/today/NIFTY100-ENH-ESG.svg,26-May-2026,25-Jun-2025,44,1.38,4961.25,NIFTY100 ENHANCED ESG,NIFTY100 ENH ESG,0,THEMATIC INDICES,4918,4914.65,4888.6,19-Jun-2026,4926.75,4987.4,4940.4,3.93,22.13,0.6,-2.46,-0.01,4918.25,25-Jun-2026,4918,0,-0.25,0,0
11,2026-06-26 18:57:47,https://nsearchives.nseindia.com/30d/NIFTY-COREHOUSING.svg,https://nsearchives.nseindia.com/365d/NIFTY-COREHOUSING.svg,https://nsearchives.nseindia.com/today/NIFTY-COREHOUSING.svg,26-May-2026,25-Jun-2025,19,0.53,15492.95,NIFTY CORE HOUSING,NIFTY COREHOUSING,0,THEMATIC INDICES,15318.65,15290.3,15162.95,19-Jun-2026,15428.65,16082.7,15441.35,3.54,33.16,1.03,-5.52,-0.33,15369.25,25-Jun-2026,15318.65,0,-50.6,16687.85,12788.2
20,2026-06-26 18:57:47,https://nsearchives.nseindia.com/30d/NIFTY-HOUSING.svg,https://nsearchives.nseindia.com/365d/NIFTY-HOUSING.svg,https://nsearchives.nseindia.com/today/NIFTY-HOUSING.svg,26-May-2026,25-Jun-2025,30,1.03,12154.65,NIFTY HOUSING,NIFTY HOUSING,0,THEMATIC INDICES,12035.95,12018.3,12079,19-Jun-2026,12134.5,11411.65,12097.95,2.95,22.32,-0.36,4.2,-0.12,12050.3,25-Jun-2026,12035.95,0,-14.35,12244.25,10358.7
30,2026-06-26 18:57:47,https://nsearchives.nseindia.com/30d/NIFTY-IPO.svg,https://nsearchives.nseindia.com/365d/NIFTY-IPO.svg,https://nsearchives.nseindia.com/today/NIFTY-IPO.svg,26-May-2026,25-Jun-2025,78,0.09,2290.35,NIFTY IPO,NIFTY IPO,0,THEMATIC INDICES,2260.7,2257.5,2123.6,19-Jun-2026,2268.2,2050.75,2288.2,10.66,58.21,6.46,10.02,-0.46,2271.2,25-Jun-2026,2260.7,1,-10.5,2290.35,1774.6
10,2026-06-26 18:57:47,https://nsearchives.nseindia.com/30d/NIFTY-MS-IND-CONS.svg,https://nsearchives.nseindia.com/365d/NIFTY-MS-IND-CONS.svg,https://nsearchives.nseindia.com/today/NIFTY-MS-IND-CONS.svg,26-May-2026,25-Jun-2025,20,0.79,18169.6,NIFTY MIDSMALL INDIA CONSUMPTION,NIFTY MS IND CONS,0,THEMATIC INDICES,17941.85,17913.9,17796.95,19-Jun-2026,18053.85,19599.5,18126.65,8.33,33.7,0.81,-9.02,-0.59,18048.65,25-Jun-2026,17941.85,0,-106.8,20251.55,15614.35
10,2026-06-26 18:57:47,https://nsearchives.nseindia.com/30d/NIFTY-NONCYC-CONS.svg,https://nsearchives.nseindia.com/365d/NIFTY-NONCYC-CONS.svg,https://nsearchives.nseindia.com/today/NIFTY-NONCYC-CONS.svg,26-May-2026,25-Jun-2025,20,0.65,15120.65,NIFTY NON-CYCLICAL CONSUMER,NIFTY NONCYC CONS,0,THEMATIC INDICES,15020.65,15009.65,14732.35,19-Jun-2026,15152.65,16050.65,15063.2,10.03,56.36,1.96,-7.3,-0.01,15022.05,25-Jun-2026,15020.65,0,-1.4,16983.45,13311.1
35,2026-06-26 18:57:47,https://nsearchives.nseindia.com/30d/NIFTY-RURAL.svg,https://nsearchives.nseindia.com/365d/NIFTY-RURAL.svg,https://nsearchives.nseindia.com/today/NIFTY-RURAL.svg,26-May-2026,25-Jun-2025,40,0.91,15448.55,NIFTY RURAL,NIFTY RURAL,0,THEMATIC INDICES,15335,15322.75,15283.6,19-Jun-2026,15361.45,14893.1,15343.4,3.9,24.03,0.34,1.89,0.39,15274.9,25-Jun-2026,15335,0,60.1,16396.4,13751.35
12,2026-06-26 18:57:47,https://nsearchives.nseindia.com/30d/NIFTY-SHARIAH-25.svg,https://nsearchives.nseindia.com/365d/NIFTY-SHARIAH-25.svg,https://nsearchives.nseindia.com/today/NIFTY-SHARIAH-25.svg,26-May-2026,25-Jun-2025,13,1.88,7795.5,NIFTY SHARIAH 25,NIFTY SHARIAH 25,0,THEMATIC INDICES,7724.25,7714.65,7850.8,19-Jun-2026,7746.65,8259.5,7756.95,4.75,26.35,-1.61,-6.87,0.14,7713.2,25-Jun-2026,7724.25,0,11.05,8562.1,7196.6
19,2026-06-26 18:57:47,https://nsearchives.nseindia.com/30d/NIFTY-TRANS-LOGIS.svg,https://nsearchives.nseindia.com/365d/NIFTY-TRANS-LOGIS.svg,https://nsearchives.nseindia.com/today/NIFTY-TRANS-LOGIS.svg,26-May-2026,25-Jun-2025,11,0.81,24965.8,NIFTY TRANSPORTATION & LOGISTICS,NIFTY TRANS LOGIS,0,THEMATIC INDICES,24752.7,24455.8,23989.75,19-Jun-2026,24488.2,23002.45,24455.8,5.37,42.38,3.18,6.71,1.69,24340.45,25-Jun-2026,24752.7,0,412.25,26459.7,21355.4
8,2026-06-26 18:57:47,https://nsearchives.nseindia.com/30d/NIFTY50-SHARIAH.svg,https://nsearchives.nseindia.com/365d/NIFTY50-SHARIAH.svg,https://nsearchives.nseindia.com/today/NIFTY50-SHARIAH.svg,26-May-2026,25-Jun-2025,9,1.96,4215.95,NIFTY50 SHARIAH,NIFTY50 SHARIAH,0,THEMATIC INDICES,4170.35,4165,4343.95,19-Jun-2026,4192.35,4798.5,4204.95,3.96,23.16,-4,-13.32,-0.36,4185.25,25-Jun-2026,4170.35,0,-14.9,4982.45,4082.25
63,2026-06-26 18:57:47,https://nsearchives.nseindia.com/30d/NIFTY500-SHARIAH.svg,https://nsearchives.nseindia.com/365d/NIFTY500-SHARIAH.svg,https://nsearchives.nseindia.com/today/NIFTY500-SHARIAH.svg,26-May-2026,25-Jun-2025,136,1.26,6916.55,NIFTY500 SHARIAH,NIFTY500 SHARIAH,0,THEMATIC INDICES,6851.45,6843,6918.75,19-Jun-2026,6917.4,7137.75,6906.85,4.66,28.26,-0.97,-4.46,-0.38,6877.3,25-Jun-2026,6851.45,0,-25.85,7291.95,6162.95
,2026-06-26 18:57:47,https://nsearchives.nseindia.com/30d/NIFTY-SME-EMERGE.svg,https://nsearchives.nseindia.com/365d/NIFTY-SME-EMERGE.svg,https://nsearchives.nseindia.com/today/NIFTY-SME-EMERGE.svg,26-May-2026,25-Jun-2025,,0.22,14143.5,NIFTY SME EMERGE,NIFTY SME EMERGE,0,THEMATIC INDICES,14045.4,14024.7,13762.25,19-Jun-2026,14040.8,14656.55,14095.15,3.42,22.03,2.06,-4.01,-0.28,14084.5,25-Jun-2026,14045.4,,-39.1,17223.65,11015.55
10,2026-06-26 18:57:47,https://nsearchives.nseindia.com/30d/NIFTY-INTERNET.svg,,https://nsearchives.nseindia.com/today/NIFTY-INTERNET.svg,26-May-2026,,17,0.32,1256,NIFTY INDIA INTERNET,NIFTY INTERNET,0,THEMATIC INDICES,1244.4,1242,1227.5,19-Jun-2026,1258.5,0,1251.4,6.43,148.7,1.38,0,-0.37,1249,25-Jun-2026,1244.4,0,-4.6,1501.9,1056.45
19,2026-06-26 18:57:47,https://nsearchives.nseindia.com/30d/NIFTY-WAVES.svg,https://nsearchives.nseindia.com/365d/NIFTY-WAVES.svg,https://nsearchives.nseindia.com/today/NIFTY-WAVES.svg,26-May-2026,25-Jun-2025,20,0.64,1956.1,NIFTY WAVES,NIFTY WAVES,0,THEMATIC INDICES,1936.45,1932.6,1907.15,19-Jun-2026,1964.05,2215.95,1956.1,2.43,0,1.54,-12.01,-0.37,1943.65,25-Jun-2026,1936.45,2,-7.2,2789.8,1581.05
34,2026-06-26 18:57:47,https://nsearchives.nseindia.com/30d/NIFTY-INFRALOG.svg,,https://nsearchives.nseindia.com/today/NIFTY-INFRALOG.svg,26-May-2026,,66,0.76,12425.45,NIFTY INDIA INFRASTRUCTURE & LOGISTICS,NIFTY INFRALOG,0,THEMATIC INDICES,12320,12306.05,12152.75,19-Jun-2026,12429,0,12380.8,4.45,30.55,1.38,0,-0.05,12326.15,25-Jun-2026,12320,0,-6.15,12549.95,9210.4
2,2026-06-26 18:57:47,https://nsearchives.nseindia.com/30d/NIFTY-RAILWAYSPSU.svg,https://nsearchives.nseindia.com/365d/NIFTY-RAILWAYSPSU.svg,https://nsearchives.nseindia.com/today/NIFTY-RAILWAYSPSU.svg,26-May-2026,25-Jun-2025,15,1.85,2929.15,NIFTY INDIA RAILWAYS PSU,NIFTY RAILWAYSPSU,0,THEMATIC INDICES,2893.95,2889.85,3057.2,19-Jun-2026,2979.75,3830.24,2913.6,3.04,20.77,-5.34,-24.77,-0.67,2913.45,25-Jun-2026,2893.95,0,-19.5,4005.5,2744.6
22,2026-06-26 18:57:47,https://nsearchives.nseindia.com/30d/NIFTYCONGLOMERATE.svg,https://nsearchives.nseindia.com/365d/NIFTYCONGLOMERATE.svg,https://nsearchives.nseindia.com/today/NIFTYCONGLOMERATE.svg,26-May-2026,25-Jun-2025,28,1,14856.15,NIFTY CONGLOMERATE 50,NIFTYCONGLOMERATE,0,THEMATIC INDICES,14736.6,14719.55,14755.1,19-Jun-2026,14776.45,14394.12,14782.05,4.2,24.14,-0.13,1.14,0.1,14722.1,25-Jun-2026,14736.6,0,14.5,15284.3,12226.8
,2026-06-26 18:57:47,https://nsearchives.nseindia.com/30d/NIFTY-GS-8-13YR.svg,https://nsearchives.nseindia.com/365d/NIFTY-GS-8-13YR.svg,https://nsearchives.nseindia.com/today/NIFTY-GS-8-13YR.svg,26-May-2026,25-Jun-2025,,0,3038.05,NIFTY 8-13 YR G-SEC,NIFTY GS 8 13YR,0,FIXED INCOME INDICES,3032.45,3030.52,2978.27,19-Jun-2026,3012.39,2932.02,3030.52,0,0,1.82,3.39,0.08,3029.98,25-Jun-2026,3033.5,,2.47,0,0
,2026-06-26 18:57:47,https://nsearchives.nseindia.com/30d/NIFTY-GS-10YR.svg,https://nsearchives.nseindia.com/365d/NIFTY-GS-10YR.svg,https://nsearchives.nseindia.com/today/NIFTY-GS-10YR.svg,26-May-2026,25-Jun-2025,,0,2665.92,NIFTY 10 YR BENCHMARK G-SEC,NIFTY GS 10YR,0,FIXED INCOME INDICES,2660.96,2658.57,2608.3,19-Jun-2026,2643.5,2599.9,2658.58,0,0,2.02,2.25,0.1,2658.08,25-Jun-2026,2661.32,,2.88,0,0
,2026-06-26 18:57:47,https://nsearchives.nseindia.com/30d/NIFTY-GS-10YR-CLN.svg,https://nsearchives.nseindia.com/365d/NIFTY-GS-10YR-CLN.svg,https://nsearchives.nseindia.com/today/NIFTY-GS-10YR-CLN.svg,26-May-2026,25-Jun-2025,,0,880.34,NIFTY 10 YR BENCHMARK G-SEC (CLEAN PRICE),NIFTY GS 10YR CLN,0,FIXED INCOME INDICES,878.69,877.89,866.01,19-Jun-2026,873.88,917.1,877.9,0,0,1.46,-4.26,0.09,877.9,25-Jun-2026,878.81,,0.79,0,0
,2026-06-26 18:57:47,https://nsearchives.nseindia.com/30d/NIFTY-GS-4-8YR.svg,https://nsearchives.nseindia.com/365d/NIFTY-GS-4-8YR.svg,https://nsearchives.nseindia.com/today/NIFTY-GS-4-8YR.svg,26-May-2026,25-Jun-2025,,0,3317.67,NIFTY 4-8 YR G-SEC INDEX,NIFTY GS 4 8YR,0,FIXED INCOME INDICES,3314.96,3314.94,3250.52,19-Jun-2026,3304.18,3157.66,3314.94,0,0,1.98,4.94,0.01,3314.38,25-Jun-2026,3315.72,,0.58,0,0
,2026-06-26 18:57:47,https://nsearchives.nseindia.com/30d/NIFTY-GS-11-15YR.svg,https://nsearchives.nseindia.com/365d/NIFTY-GS-11-15YR.svg,https://nsearchives.nseindia.com/today/NIFTY-GS-11-15YR.svg,26-May-2026,25-Jun-2025,,0,3348.16,NIFTY 11-15 YR G-SEC INDEX,NIFTY GS 11 15YR,0,FIXED INCOME INDICES,3343.94,3334.19,3248.29,19-Jun-2026,3312.98,3220.48,3334.19,0,0,2.94,3.81,0.31,3333.57,25-Jun-2026,3348.2,,10.37,0,0
,2026-06-26 18:57:47,https://nsearchives.nseindia.com/30d/NIFTY-GS-15YRPLUS.svg,https://nsearchives.nseindia.com/365d/NIFTY-GS-15YRPLUS.svg,https://nsearchives.nseindia.com/today/NIFTY-GS-15YRPLUS.svg,26-May-2026,25-Jun-2025,,0,3578.46,NIFTY 15 YR AND ABOVE G-SEC INDEX,NIFTY GS 15YRPLUS,0,FIXED INCOME INDICES,3564.82,3553.13,3444.94,19-Jun-2026,3514.28,3469.17,3553.13,0,0,3.48,2.76,0.34,3552.41,25-Jun-2026,3568.85,,12.41,0,0
,2026-06-26 18:57:47,https://nsearchives.nseindia.com/30d/NIFTY-GS-COMPSITE.svg,https://nsearchives.nseindia.com/365d/NIFTY-GS-COMPSITE.svg,https://nsearchives.nseindia.com/today/NIFTY-GS-COMPSITE.svg,26-May-2026,25-Jun-2025,,0,3132.23,NIFTY COMPOSITE G-SEC INDEX,NIFTY GS COMPSITE,0,FIXED INCOME INDICES,3125.67,3121.55,3055.68,19-Jun-2026,3100.45,3015.85,3121.55,0,0,2.29,3.62,0.15,3120.98,25-Jun-2026,3127.22,,4.69,0,0
,2026-06-26 18:57:47,https://nsearchives.nseindia.com/30d/BHARATBOND-APR30.svg,https://nsearchives.nseindia.com/365d/BHARATBOND-APR30.svg,https://nsearchives.nseindia.com/today/BHARATBOND-APR30.svg,26-May-2026,25-Jun-2025,,0,1603.16,NIFTY BHARAT BOND INDEX - APRIL 2030,BHARATBOND-APR30,0,FIXED INCOME INDICES,1602.99,1602.99,1568.42,19-Jun-2026,1599.21,1527.79,1603.16,0,0,2.2,4.93,0,1602.85,25-Jun-2026,1604.88,,0.14,0,0
,2026-06-26 18:57:47,https://nsearchives.nseindia.com/30d/BHARATBOND-APR31.svg,https://nsearchives.nseindia.com/365d/BHARATBOND-APR31.svg,https://nsearchives.nseindia.com/today/BHARATBOND-APR31.svg,26-May-2026,25-Jun-2025,,0,1457.36,NIFTY BHARAT BOND INDEX - APRIL 2031,BHARATBOND-APR31,0,FIXED INCOME INDICES,1457.36,1457.35,1422.42,19-Jun-2026,1454.14,1394.97,1457.35,0,0,2.46,4.47,0.02,1457.07,25-Jun-2026,1459.69,,0.29,0,0
,2026-06-26 18:57:47,https://nsearchives.nseindia.com/30d/BHARATBOND-APR32.svg,https://nsearchives.nseindia.com/365d/BHARATBOND-APR32.svg,https://nsearchives.nseindia.com/today/BHARATBOND-APR32.svg,26-May-2026,25-Jun-2025,,0,1323.39,NIFTY BHARAT BOND INDEX - APRIL 2032,BHARATBOND-APR32,0,FIXED INCOME INDICES,1323.39,1323.35,1288.99,19-Jun-2026,1319.79,1272.08,1323.35,0,0,2.67,3.98,0.02,1323.1,25-Jun-2026,1324.22,,0.29,0,0
,2026-06-26 18:57:47,https://nsearchives.nseindia.com/30d/BHARATBOND-APR33.svg,https://nsearchives.nseindia.com/365d/BHARATBOND-APR33.svg,https://nsearchives.nseindia.com/today/BHARATBOND-APR33.svg,26-May-2026,25-Jun-2025,,0,1282.02,NIFTY BHARAT BOND INDEX - APRIL 2033,BHARATBOND-APR33,0,FIXED INCOME INDICES,1282.01,1282.01,1249.76,19-Jun-2026,1277.85,1236.31,1282.02,0,0,2.58,3.57,0.01,1281.77,25-Jun-2026,1282,,0.24,0,0
